,BACKGROUND,CONCLUSIONS,METHODS,OBJECTIVE,RESULTS,accuracy,macro avg,weighted avg
precision,0.630066170388751,0.9583211891576799,0.8935349940688019,0.8513145965548504,0.8457020324445274,0.8401959486296836,0.8357877965229221,0.8543818937506206
recall,0.8834444766599014,0.7175905718027062,0.9071657968687274,0.3952020202020202,0.9217559191139112,0.8401959486296836,0.7650317569294534,0.8401959486296836
f1-score,0.7355461677730839,0.8206664170722576,0.9002988047808765,0.5398102903133084,0.8820926727281567,0.8401959486296836,0.7756828705335366,0.8351328210185792
support,3449.0,4582.0,9964.0,2376.0,9841.0,0.8401959486296836,30212.0,30212.0
